Reviews,Delivery,Customer Service,Purchase Date,LikeliHood To Recommend,Overall Satisfaction,Location,Date Published,Sentiment
Online ordering easy delivery people polite helpful,1,1,43079,1,OverallSatisfied,Clacton On Sea,43111,1
excellent price service,2,1,43079,1,OverallSatisfied,Norwich,43099,1
"However little disappointed Samsung washing machine dwyer bought dismounted Å’Â£150 additional discount code Å’Â£100 available 8 days product delivered , could apply difference due 7 day policy . Also I never received details extended cover .",1,2,43079,0.8,OverallSatisfied,London,43097,0
"Until always tried use local high street retailer , possible time care elderly parents could get . Fantastic every way - easy technotwit like navigable easy read web site , ALL telephone operators helpful POLITE , kept completely informed deep freeze arrived exactly said would , delivered nice gentlemen , exemplary service round , next year need things absolutely buying , THANK YOU .",1,1,43079,1,OverallSatisfied,Godmanchester,43097,0
Easy order process start finish . Kept informed delivery time etc arrived within time slot call 10 minutes delivery say way .,1,1,43079,1,OverallSatisfied,Sunderland,43094,0
time professional polite,1,1,43079,0.8,OverallSatisfied,gateshead,43093,2
GOOD SERVICE,1,1,43079,1,OverallSatisfied,NEATH,43093,2
Very good service,1,1,43079,1,OverallSatisfied,Wigan,43093,1
Good value,1,1,43079,1,OverallSatisfied,Stoke on trent,43093,1
Only gave 8 I called times unnecessary .,1,0,43078,0.8,OverallSatisfied,Dartford,43098,0
shopping to.com easy people I meet along way helpful also delivery drivers careful goods service great to.com thank .,1,1,43078,1,OverallSatisfied,Tetford,43095,0
It could n't better . Everything wanted mother delighted product .,1,1,43078,1,OverallSatisfied,Crawley,43093,1
Overall webster good choice prices service excellent .,1,1,43078,1,OverallSatisfied,Doncaster,43093,1
By whole experience excellent .,1,2,43078,1,OverallSatisfied,Basingstoke,43092,1
Excellent communication,1,1,43078,0.9,OverallSatisfied,Horley,43092,2
Kept date delivery quickly delivered needed item,1,1,43078,1,OverallSatisfied,Liverpool,43092,0
The two men efficient made mess Well done,1,1,43078,0.7,OverallSatisfied,Wetwang,43092,0
Credit credit due,1,1,43078,1,OverallSatisfied,Bacup,43092,1
Delivery suited staff I spoke friendly helpful,1,1,43077,1,OverallSatisfied,,43102,0
I gave good rating I found service satisfactory,1,1,43077,0.9,OverallSatisfied,Cambridge,43101,1
Was pleased ease purchasing service right delivery .,1,1,43077,1,OverallSatisfied,Hackney,43100,1
Like lot people I use internet lot especially Christmas . His first time I used seeing avert . One thing important time year items come say . I problems unlike companies I used . I would recommend using,1,1,43077,1,OverallSatisfied,Sheerness kent,43097,1
"He bought daughter , I 'm sure pleased .",1,1,43077,1,OverallSatisfied,,43094,1
"Case use , Good communication , free delivery , good price ,",1,1,43077,0.9,OverallSatisfied,Leicester,43092,1
Experience date entirely good .,1,2,43077,1,OverallSatisfied,London,43092,1
Not used washing machine yet service second none,1,1,43077,1,OverallSatisfied,Porthcawl,43092,0
Is,2,2,43077,1,OverallSatisfied,Blackburn,43092,2
Because I believe amazing company .,2,1,43077,1,OverallSatisfied,North Wales,43091,1
Always buy I always get good service delivery service excellent .,1,1,43077,1,OverallSatisfied,Nottingham,43091,1
Pleased overall service,1,1,43077,0.8,OverallSatisfied,tamworth,43091,2
Very good service bought,1,2,43077,1,OverallSatisfied,Newent,43091,1
TvÃ_Ã_Â»s amazing haste free service,1,2,43077,0.9,OverallSatisfied,Denny,43091,1
Dealt professionally efficiently .,2,1,43076,1,OverallSatisfied,Lymington,43151,1
Performance met aspects,1,2,43076,1,OverallSatisfied,Abergavenny,43121,2
Top class service,1,2,43076,0.9,OverallSatisfied,Hull,43096,1
Because delivered every area sales service .,1,2,43076,1,OverallSatisfied,Falkirk,43092,1
Is,2,2,43076,0.9,OverallSatisfied,Liverpool,43091,2
To problems .,0,2,43076,1,OverallSatisfied,Birmingham,43091,0
"went well , item delivered date time promised",1,2,43076,0.9,OverallSatisfied,wendover,43091,1
excellent price fast delivery,1,2,43076,1,OverallSatisfied,Wales,43091,1
Excellent service quick delivery could n't ask,1,2,43076,1,OverallSatisfied,Glasgow,43090,1
I bought many things away excellent products great customer service .,1,1,43076,1,OverallSatisfied,Selby,43090,1
"Efficient service , delivery time , joy use .",1,2,43076,1,OverallSatisfied,Peterborough,43090,1
"I gave well deserved 10 reasons , friendly , professional , courteous way order delivery . First class .",1,1,43076,1,OverallSatisfied,Doncaster,43090,1
Excellent Service,1,1,43076,1,OverallSatisfied,Solihull,43090,1
Ability choose delivery date . Machine readily stock . Hair price . Delivery came expected . Polite helpful delivery men . All round excellent .,1,1,43067,1,OverallSatisfied,Lewes,43084,1
"But order back twice . To questions asked . Great delivery service , lads polite . To complaints whatsoever .",1,1,43064,1,OverallSatisfied,Billingham,43079,1
Same time two deliverer great unpacked placed wanted pleasant happy,1,1,43063,1,OverallSatisfied,St helens,43079,1
Due delay choose alternative short notice . It delivered agreed date accommodate agreed time slot following day,1,1,43059,0.7,OverallSatisfied,Derby,43075,0
"excellent customer service . The delivery driver/installed . ( Father ) Give stars ( I believe Peterborough Branch ) The drivers mate misha , climbing step ladder . But foot yellow bowl water . ( I kid ) Part , I would highly recommend .",1,1,43059,1,OverallSatisfied,"Norwich,Norfolk",43074,0
Delivery time quick . Product expected,1,1,43058,1,OverallSatisfied,Benfleet,43072,2
Overall fantastic experience,1,1,43058,1,OverallSatisfied,,43072,1
"That I wanted , delivered quickly good price . That like !",1,1,43057,1,OverallSatisfied,Rugby,43079,2
To problems - loved cracking pp - new exactly delivery van many delivered mine - hanging around hours end - excellent service .,1,1,43057,1,OverallSatisfied,Dysart,43072,0
Is per . A quality online shopping experience hence I would recommend others .,1,2,43056,0.9,OverallSatisfied,Bognor,43074,0
There nothing bad I say service . It easy efficient,1,1,43056,1,OverallSatisfied,Middlesbrough,43074,1
Great easy service .,1,2,43056,1,OverallSatisfied,Lincolnshire,43072,1
The whole process easy delivery drivers careful helpful nothing problem felt valued customer even though rural,1,1,43056,1,OverallSatisfied,Cumbria,43072,2
Is,2,2,43056,1,OverallSatisfied,Derby,43072,2
When I received confirmation registration fridge I purchased registered week ago,1,1,43056,0.8,OverallSatisfied,Falkirk,43071,0
Because I think reasonable would recommend anyone get 5 stars _Ã´Ã¯Âç_Ã´Ã–_,1,1,43056,1,OverallSatisfied,Hull,43071,0
"I gave score based easy complete order , also communication people delivered first class.of recommended friend would recommend also .",1,2,43055,1,OverallSatisfied,Dalton-in-Furness,43071,0
The service great I definitely use,1,2,43055,1,OverallSatisfied,Whitby,43070,1
Excellent service start finish . Delivery men pleasant good job . Will definitely use,1,1,43055,1,OverallSatisfied,Grantham,43070,1
Because I think I could n't wished better service,1,1,43055,1,OverallSatisfied,Peacehaven,43070,0
Would fault service .,1,2,43055,1,OverallSatisfied,Malton,43070,2
always polite delivery people usual good service .,1,2,43055,1,OverallSatisfied,Loftus Cleveland.,43070,1
I happy service,2,1,43055,1,OverallSatisfied,Oldham,43070,1
Service value money .,2,1,43055,1,OverallSatisfied,Dunfermline,43069,2
ease ordering Prompt delivery professional helpful people .,1,2,43054,1,OverallSatisfied,Reading,43112,1
Because communication channels easy effective use e.g . contracting driver .,1,2,43054,1,OverallSatisfied,Glasgow,43081,0
To problems dealings .,2,1,43054,1,OverallSatisfied,Preston,43069,0
Is,2,2,43054,0.8,OverallSatisfied,West Midlands,43069,2
I peace mind purchase without difficulties .,1,2,43054,0.8,OverallSatisfied,LONDON,43069,1
All went according plan ...,1,2,43053,1,OverallSatisfied,Stamford,43067,2
chip enamel top left hand corner plate seems twist LOOKS LIKE HAS BEEN DROPPED <,0,2,43017,0.5,OverallUnhappy,Kilbirnie,43035,0
Pleased product & delivery .,1,1,43017,1,OverallSatisfied,Winsford Cheshire,43034,1
Staff phone helpful delivery drivers courteous careful removing old appliance fitting new one,1,1,43017,1,OverallSatisfied,Bridge if Weir,43033,0
easy select products arrange delivery times suit .,1,2,43017,1,OverallSatisfied,leominster,43033,1
Very easy order delivery time . The delivery men helpful friendly,1,1,43017,1,OverallSatisfied,Houghton Regis,43033,1
Quick friendly easy order good amount choice,1,2,43017,1,OverallSatisfied,LITTLEHAMPTON,43033,1
Is,2,2,43017,1,OverallSatisfied,Derby,43033,2
Would n't find anything complain,1,1,43017,1,OverallSatisfied,,43032,2
House service good I could leave well I treated start finish,1,2,43017,1,OverallSatisfied,Newark on trent,43032,1
There always room improvement .,2,2,43017,0.9,OverallSatisfied,WaterlÃ__ville,43032,1
good pre delivery come,1,2,43016,0.8,OverallSatisfied,St Ives,43039,1
"Everything said would , .",1,1,43016,1,OverallSatisfied,Liversedege,43032,2
See .,2,2,43015,1,OverallSatisfied,Aberdeen,43033,1
"Because I believe get good service company people know , good service lot companies rare .",1,1,43012,1,OverallSatisfied,Northampton,43028,1
Because every thing easy buy came time I happy service .,1,1,43011,1,OverallSatisfied,Clunderwen,43027,1
All good . Thank,1,1,43011,1,OverallSatisfied,Telford,43027,1
Delivery day would prefer given morning afternoon slot ordered . Delivery estimated time changed day delivery making planning difficult,0,2,43011,0.8,OverallSatisfied,Wellington,43027,0
already explained,2,2,43011,0.8,OverallSatisfied,Southampton,43027,2
"Case use , speed information regarding delivery .",1,1,43011,1,OverallSatisfied,Horncastle,43027,0
Great web site . Quick delivery helped emergency frozen food wasted . Disposed old freeze . Good price .,1,2,43011,1,OverallSatisfied,Whaley Bridge,43027,1
Os discount,2,2,43011,1,OverallSatisfied,Teesside,43027,2
"Pleased product , good price perfect delivery",1,2,43011,1,OverallSatisfied,"Ashford, Kent",43026,1
The whole experience went smoothly staff friendly helpful . Thank .,1,1,43011,1,OverallSatisfied,Drybrook,43026,1
Very good service,1,1,43011,1,OverallSatisfied,Leominster,43026,1
Your service excellent I would recommend anybody thanks,1,2,43011,1,OverallSatisfied,Moreton Wirral,43026,2
friendly helpful staff,2,1,43011,0.9,OverallSatisfied,,43026,1
Easy collect,2,1,43011,1,OverallSatisfied,Hook,43025,2
Is,2,2,43011,1,OverallSatisfied,Derby,43025,2
"The staff always helpful , friendly knowledgeable",2,1,43010,1,OverallSatisfied,Southampton,43032,1
"Is stated , assistant helpful , delivery quick .",1,2,43010,1,OverallSatisfied,Salisbury,43029,0
Would n't ask helpful people,2,2,43010,1,OverallSatisfied,Sudbury,43026,2
Very quick delivery,1,2,43010,1,OverallSatisfied,Stokenchurch,43026,1
easy use delivers quality reasonable price,1,2,43010,1,OverallSatisfied,Bilston,43026,1
Exceptional service,2,1,43010,1,OverallSatisfied,Neath,43025,2
Good range items,2,2,43010,0.8,OverallSatisfied,Reading Berks,43025,1
"Good price , good service delivery well fitted delivery . I could asked",1,2,43010,1,OverallSatisfied,Horsham,43025,1
Excellent service start finish .,1,1,43010,1,OverallSatisfied,Liverpool,43024,1
Kept contact every step order,1,1,43010,1,OverallSatisfied,Reepham,43024,2
To issues ever fearless experience,1,1,43010,1,OverallSatisfied,Denny,43024,0
Have 10 score kept informed delivery also delivered time l given . Excellent .,1,2,43010,1,OverallSatisfied,London,43024,1
Had little quieter I would given ten .,0,2,43009,0.9,OverallSatisfied,Oxted,43025,0
To problems gods delivered day time .,1,2,43009,0.9,OverallSatisfied,Dundee,43025,0
Always excellent service,2,1,43009,1,OverallSatisfied,Telford,43024,1
"apart , early delivery.7.am ! ! ! ! ! I found machine delivered set two polite helpful men .I would certainly use already recommended friends",1,2,43009,1,OverallSatisfied,oldham,43024,1
Good experience start finish .,1,1,43009,0.9,OverallSatisfied,West Lothian,43024,1
The ordering easy pleasantly surprised find delivered Sunday .,1,1,43009,0.9,OverallSatisfied,coventry,43024,1
You deserve,2,2,43008,1,OverallSatisfied,Aylesbury,43046,2
Needed products quickly good price,1,2,43008,1,OverallSatisfied,Liskeard,43030,0
New exactly coming,2,2,43008,1,OverallSatisfied,Flitwick,43023,2
Easy ordering delivered time,1,2,43008,1,OverallSatisfied,Hebburn,43023,2
Is ! !,2,2,43008,1,OverallSatisfied,Alexandria.,43023,2
"West company deal customer service , always discount & offers month . Delivery service fantastic , always turn day choose . Prefer Ergot Hurry take forever deliver items , tell delivering never giving choice let delivery without letting know . Love fact take old item away free charge every time iv placed order , saving haste disposing & take packing away . Offers cheap life insurance plan items purchased , I like housing insurance pay excess & n't .",1,1,43008,1,OverallSatisfied,MANSFIELD,43023,1
"Very good customer service , buying expensive products itÂ»s nice feel valued .",2,2,43008,1,OverallSatisfied,Raglan,43023,1
IÃ_Ã_Â»m happy product I bought .,2,1,43008,1,OverallSatisfied,"Bushey/Watford, Herts",43022,1
Very polite efficient delivery people,1,2,43008,1,OverallSatisfied,Ascot Berkshire,43012,1
Very helpful organizing washing machine delivery date,1,2,43007,1,OverallSatisfied,Liverpool,43025,1
"Good communication regards delivery . Equipment fitted quickly efficiently , cost fitting 50 % normal charge , I would disappointed I paid full expected charge took less twenty minutes complete full process .",1,1,43007,0.9,OverallSatisfied,Biggleswade,43023,1
"Initially , contracted online competitor said I could fridge/ freeze I wanted , delivered 7 days suited I kitchen reached 5 weeks time . 10 days I heard nothing contracted informed unfortunately , due manufacturing issue , product I wanted would available 1 month kitchen delivered . Turned of.com initial contact reassured I worry . Now true . Within 24 hours I took delivery singing , dancing fridge/freeze puts retainers shame . In future of.com first port call others .",0,2,43007,1,OverallSatisfied,Bridge of Weir,43023,0
Shone support . Delivery . And actual product,1,2,43007,1,OverallSatisfied,Clacton,43022,1
"I used numerous times.I purchased large item , fridge freeze smaller electrical items . Competitive prices items , trouble free purchasing always bring back .",1,2,43007,1,OverallSatisfied,Preston Lancashire,43022,1
Very quick efficient service,2,1,43007,1,OverallSatisfied,Newcastle upon tyne,43022,1
To problems,2,2,43007,1,OverallSatisfied,Doncaster,43022,2
"Very easy use , delivery want ..very helpful",1,2,43006,0.9,OverallSatisfied,Crawley,43023,1
"I give 10/10 sales chap rang days later see everything ( nice touch ! ) steadily tried sell extended warranty insurance . Vice try , biscuit ...",1,1,43006,0.9,OverallSatisfied,Sittingbourne,43022,1
"It easy buy online , every thing taken care including disposal old appliance delivery guns really helpful placed dishwasher next opening fitted . Full marks round .",1,1,43006,1,OverallSatisfied,Southampton,43022,0
everything well done,1,1,43006,1,OverallSatisfied,Wiltshire,43022,1
A n't fault experience buying,1,1,43006,1,OverallSatisfied,Nottingham,43021,0
Very good service round,1,2,43006,1,OverallSatisfied,Weston-super-Mare,43021,1
problems every thing went smoothly,1,1,43006,1,OverallSatisfied,peterborough,43021,0
"Such bad customer service days , opinion still value customers , delivery excellent service , drivers smile care .",2,0,43006,1,OverallSatisfied,ELLESMERE  SHROPSHIRE,43021,1
Easy order keep track delivery . When delivered smile .,1,2,43006,1,OverallSatisfied,Leominster,43021,1
"Only ordering far , thought removal old machine bit steep bit great service !",2,1,43006,0.9,OverallSatisfied,Wolverhampton,43021,0
To problems . Very easy use,1,2,43006,1,OverallSatisfied,Wolverhampton,43021,1
I think 10 big 100 %,2,2,43006,1,OverallSatisfied,Prenton,43021,2
Product great value money good company deal,2,2,43006,1,OverallSatisfied,Tywyn,43021,1
Great machine quick simple use,1,2,43006,1,OverallSatisfied,Stalham,43020,1
"An praise delivery system enough , always kept informed , placed goods situ , requested , removed old machines , always use local superstores",1,2,43005,1,OverallSatisfied,FARNBOROUGH,43024,0
I gave high score I informed delivery product offset ordering arrived fully installed .,1,2,43005,1,OverallSatisfied,Blyth,43021,0
"Trouble free initial order , excellent communication",1,1,43005,1,OverallSatisfied,Torquay,43021,0
The delivery exactly time pre-delivery telephone call van driver provide exact time arrival .,1,1,43005,1,OverallSatisfied,Newcastle upon Tyne,43021,0
Good prices service .,1,2,43005,1,OverallSatisfied,Bucks,43020,1
Great washing machine service delivery men great also thank,1,1,43005,1,OverallSatisfied,Kingsbridge,43020,1
Great round - ordering little map see locate driver delivery day .,1,1,43005,1,OverallSatisfied,Croston,43020,2
Last delivery delivery men brilliant couldnÂ»t fault,1,1,43005,1,OverallSatisfied,"Johnston, Pembrokeshire",43020,1
Very satisfied aspects .,1,2,43005,0.9,OverallSatisfied,Huddersfield,43020,1
Everything purchase first class,1,1,43005,1,OverallSatisfied,"Darvel, Ayrshire",43020,2
Good price service,2,2,43005,0.9,OverallSatisfied,Altrincham,43020,1
good prices quick respond .,2,2,43004,0.9,OverallSatisfied,Nottingham,43022,1
"Telesales staff courteous , friendly , helpful possess good product knowledge . Timely , tractable delivered Courteous , patient skilled installation engineers",1,1,43004,1,OverallSatisfied,Newcastle-under-Lyme,43020,1
"The price freeze another internet company , delivery free .",1,2,43004,1,OverallSatisfied,Carterton,43020,1
"I well-satisfied new freeze , course , 's job . Aiming delivery good , sooner expected . Yes , good results round .",1,2,43004,0.9,OverallSatisfied,Wolverhampton.,43020,1
Is stated,2,2,43004,1,OverallSatisfied,Ripon,43020,2
"always brilliant . Everything arrives time , really good quality never issues . All candles friendly helpful cause call placed .",2,1,43004,1,OverallSatisfied,South Warwickshire,43020,1
"Quick , easy professional delivery .",1,2,43004,1,OverallSatisfied,Clayton West Huddersfield,43020,1
Very fast delvarey time,1,2,43004,1,OverallSatisfied,Canvey Island,43020,1
Service excellent,2,1,43004,1,OverallSatisfied,Basingstoke,43019,1
"I mentioned I would buying washing machine future said , would drop recalling charge old washed ! ! ! ! Perfect .",1,2,43004,1,OverallSatisfied,Alcester,43019,0
Excellent service ordering delivery .,1,2,43004,1,OverallSatisfied,Eastlound,43019,1
"good service , friendly employees",2,1,43004,1,OverallSatisfied,Hull,43019,1
Due service provides,1,2,43004,0.9,OverallSatisfied,Somerset,43019,1
Good customer service,2,1,43004,1,OverallSatisfied,Taunton,43018,1
Is .,2,2,43004,1,OverallSatisfied,Carmarthen,43018,2
By appliance cheapest I could find settings I needed ( speedy 14 minute wash ) delivery service nice speedy following pp great,2,2,43004,1,OverallSatisfied,DEVON,43018,0
See,2,2,43003,1,OverallSatisfied,"Benfleet, Essex",43021,2
Because I find thing wrong first order To .,2,2,43003,1,OverallSatisfied,"London,Romford",43020,0
happy item delivery connection,1,2,43003,0.9,OverallSatisfied,Woodford Green,43020,1
Excellent service,2,2,43003,1,OverallSatisfied,Manchester,43019,1
See comments,2,2,43003,1,OverallSatisfied,Croydon,43019,1
Functions well rather noisy .,2,0,43003,0.9,OverallSatisfied,Redcar.,43019,2
Excellent round service start finish,1,2,43003,1,OverallSatisfied,Poole,43018,1
extremely quick response time,2,1,43003,1,OverallSatisfied,sheffield,43018,2
"When I needed , helped , gave support .",2,1,43003,1,OverallSatisfied,Liverpool,43017,0
"Excellent service . Is I mentioned , updated arrival way front door . Last efficient .",2,1,43003,1,OverallSatisfied,Nottingham,43017,1
"Required item delivered installed/working less 24 hours . The drawback I originally placing order internet , fall last post '' procedure failed go beyond bank credit card check aspect . I led believe regular occurrence . I completed order phone . `` `` required item delivered installed/working less 24 hours . The drawback I originally placing order internet"," only to ""fall at the last post"" when the procedure """"quired item delivered and installed/workin""",2,2,43002,0.8,OverallSatisfied,Bolton,0
Very good service reasonable prices .,2,1,43002,0.9,OverallSatisfied,Preston,43018,1
"Product performance equal greater advertised The West round Delivery Service I experienced , Ordered Saturday plugged p ! aged Sunday super customer tormented grew",1,2,43002,1,OverallSatisfied,Banbury Oxon,43017,0
"To complaints , smooth efficient , call centre , would use hesitation .",2,2,43002,1,OverallSatisfied,Hastings,43017,0
Great _Ã´Ã¯Âç,2,2,43002,1,OverallSatisfied,Manchester,43017,1
Great product great price quick delivery .,1,2,43002,1,OverallSatisfied,Lowestoft,43017,1
Excellent service,2,1,43002,1,OverallSatisfied,London,43016,1
I already given reasons delivery made courteousness efficiency .,1,2,43001,1,OverallSatisfied,Rotherham,43021,2
Never issues every time I used good results !,1,2,43001,0.9,OverallSatisfied,Welwyn Garden City,43018,0
"Delivery time , washed ready use old one took away ( extra cost obviously ) .",1,2,43001,1,OverallSatisfied,Wolverhampton,43018,0
Very helpful good delivery,1,2,43001,1,OverallSatisfied,St albans,43018,1
"would 10 , annoying phone call trying sell insurance item . The called pleasant push 's irritating .",2,0,43001,0.8,OverallSatisfied,Llandysul,43017,0
Please see .,2,2,43001,0.9,OverallSatisfied,London,43017,2
great service,1,2,43001,1,OverallSatisfied,rochford,43017,1
"CouldnÃ_Ã_Â»t fault service ordering delivery , delivery men friendly helpful man phone directly I made order , truly amazing .",2,2,43001,1,OverallSatisfied,Nottingham,43016,1
"Everything good , would better could reduce delivery slot one hour . Delivery/installing pair really good . Product seems fine , early days .",1,2,43001,1,OverallSatisfied,London,43016,1
"Service great , product excellent , would recommend everyone .",2,1,43001,1,OverallSatisfied,Dukinfield,43016,1
Satisfied process ordering delivery,1,2,43001,1,OverallSatisfied,Manchester,43016,1
"To haste , delivered time , perfect service .",1,2,43001,1,OverallSatisfied,Middlesbrough,43015,1
Brilliant webster service . Thank .,1,2,43000,1,OverallSatisfied,London,43029,2
His second time dealt To times service 100 % . Would wish better .,1,2,43000,1,OverallSatisfied,Staines-upon-Thames,43026,0
Did want anything delivered 5:30,1,2,43000,0.9,OverallSatisfied,Lincolnshire,43021,2
Friendly fast delivery Easy ordering PayPal payments,1,2,43000,1,OverallSatisfied,Clacton,43020,0
Prices reasonable great quality products,2,2,43000,1,OverallSatisfied,Clydebank,43018,1
Value money delivered day suits .,1,2,43000,0.9,OverallSatisfied,Irvine,43018,1
Friendly efficient staff .,2,1,43000,1,OverallSatisfied,Glasgow,43018,2
The item I got good _Ã´Ã–_ 'm really happy,2,2,43000,1,OverallSatisfied,London,43016,1
Because whole buying experience worthy .,2,2,43000,1,OverallSatisfied,Oldham,43016,1
All price competitive .,2,2,43000,1,OverallSatisfied,Dover,43016,2
"The delivery efficient . Same time , friendly",1,2,43000,1,OverallSatisfied,"Melbourne, York",43016,1
"I generally pleased process purchasing delivery kept well informed throughout . Without post order telephone sales pitch , I would scored higher .",1,2,43000,0.8,OverallSatisfied,Manchester,43015,1
Very quick delivery also got phone call office confirm details delivery . His I found really good ordering online sometimes find hard change things 've ordered .,1,2,43000,1,OverallSatisfied,Glasgow,43015,1
Good choice products,2,2,43000,1,OverallSatisfied,Stockport,43015,2
See,2,2,43000,1,OverallSatisfied,Calne,43015,2
Easy purchase arranging delivery . Great pp see day,1,2,43000,1,OverallSatisfied,Trowbridge,43015,1
great service help problem purchase,1,2,43000,1,OverallSatisfied,catrine,43015,1
For excellent service,2,1,42999,1,OverallSatisfied,"Marlborough,  Wilts.",43069,1
"Order dealt quickly efficiently , delivered promptly fitting engineer .",1,1,42999,1,OverallSatisfied,"HAYLE, Cornwall",43025,0
From customer service delivery installation brilliant,1,1,42999,1,OverallSatisfied,Lewes,43015,1
The delivery 7-9 I take time work .,1,2,42999,1,OverallSatisfied,King`s lynn,43015,1
To give chance see easy,2,2,42999,0.8,OverallSatisfied,Bodmin,43015,2
Easiest webster I ever used .,1,2,42999,1,OverallSatisfied,Girvan,43015,0
I happy overall,1,1,42999,1,OverallSatisfied,Nairn,43015,1
best,2,2,42999,1,OverallSatisfied,hildenborough,43015,1
The men gave accurate times well informed.told I needed fridge freeze garage said problem carried round garden steps time saying problem all.very kind.10/10 definitely use thank .,1,1,42999,1,OverallSatisfied,Tredegar,43015,0
Good price good service,2,1,42999,1,OverallSatisfied,Eastleigh,43014,1
GREAT SERVICE,2,1,42999,1,OverallSatisfied,PILLERTON PRIORS,43014,2
Very thing thing advertised,2,2,42999,1,OverallSatisfied,Stamordant lincs,43014,2
Would n't fault service .,2,2,42999,1,OverallSatisfied,Broadhembury,43014,2
Really polite Staff ( James Sick ) fitted Appliance . Modified hinge fitting process without drama . Product working well really pleased altogether . I simply Complaints hence 10/10 . Thank James Sick .,1,1,42999,1,OverallSatisfied,Derbyshire,43014,1
customer service good delivery service,1,1,42998,1,OverallSatisfied,Swansea,43017,1
Good service,2,1,42998,1,OverallSatisfied,Watchet,43015,1
made easy,2,2,42998,1,OverallSatisfied,westwoodside  north lincs,43015,2
"delivery spot , helpful",1,2,42998,1,OverallSatisfied,east lothian,43015,1
"easy buy - easy deal , kept touch way delivery time - away , buying carry also great price - thanks",1,1,42998,1,OverallSatisfied,kings lynn  norfolk,43014,1
Good service,2,2,42998,1,OverallSatisfied,Northamtonshire,43014,1
Delivery without problem .,1,2,42998,0.8,OverallSatisfied,Canterbury,43014,2
Because I extremely pleased purchase service I received,1,2,42997,1,OverallSatisfied,Bedfordshire,43015,1
The immediatness of.com 's processing order also delivery product .,1,2,42997,0.9,OverallSatisfied,"Hatch End, PINNER",43015,2
Price & convenience delivery .,1,1,42997,0.9,OverallSatisfied,Birmingham,43014,1
After ordered line contracted phone confirm delivery time date .,1,2,42997,0.9,OverallSatisfied,norwich,43014,0
Would liked little instruction get started,2,0,42997,0.6,OverallSatisfied,Northampon,43014,2
ExcellentWhat said .Top notch service really good delivery extremely helpful men delivered appliance,1,1,42997,1,OverallSatisfied,Sheerness,43013,1
Had problems . Accurate information delivered time .,0,2,42997,0.9,OverallSatisfied,,43013,0
It worth 10 problem .,2,2,42997,1,OverallSatisfied,Bath,43013,0
Because gave good service,1,2,42997,1,OverallSatisfied,Boston lincs,43012,1
Because good,2,1,42997,0.9,OverallSatisfied,Pulborough,43012,1
think explained first section,2,2,42997,1,OverallSatisfied,Marlborough,43012,2
Great cracking information delivery arrive . The delivery driver polite social information anything wrong product .,1,2,42996,1,OverallSatisfied,Huntingdon,43022,1
Last service,2,2,42996,0.9,OverallSatisfied,Cheshunt,43019,2
"The price service To first class , contracted driver courteous call 20mins arriving helpful delivering . The hot point washing machine though disappointment takes hours degree wash , normal degree 2 hours , rugby football played house I always seem dirty washing , shame hotpoint shame following rules . Would highly recommend repair existing machine rather invest new one . However , must buy , seem best price service .",1,2,42996,1,OverallSatisfied,Port talbot,43013,1
I pleased microwave found difficult understand settings,2,2,42996,0.6,OverallSatisfied,,43013,0
I would recommend friends advise check goods thoroughly accepting .,0,2,42996,0.7,OverallSatisfied,Maidstone,43012,1
Quick & Easy & delivered everything .,1,2,42996,1,OverallSatisfied,Haslemere,43012,0
"easy , good communication regarding delivery , pleased , thank",1,1,42996,1,OverallSatisfied,"Whitworth, Rochdale",43011,1
happy customer .,2,2,42996,1,OverallSatisfied,canvey island,43011,1
Cab experience went extra mile keep happy,2,2,42996,1,OverallSatisfied,London,43011,1
The fridge good price . I given lot delivery option easy change delivery slot . The delivery staff excellent .,1,1,42995,1,OverallSatisfied,Cheltenham,43033,1
Very happy service start finish,1,2,42995,1,OverallSatisfied,Clacton-on-Sea,43012,1
Is,2,2,42995,1,OverallSatisfied,Winchester,43011,2
Although model Washing Machine I ordered stock working day delivery suitable upgrade offered delivered Sunday . The delivery cracking system excellent kept updated .,1,2,42995,1,OverallSatisfied,Norwich,43011,1
"Easy order delivery great , delivery charge bonus",1,2,42995,1,OverallSatisfied,Marlow,43011,1
Arrived time put I needed problem .,1,2,42995,1,OverallSatisfied,Humberside,43010,0
First class service easy track,1,2,42995,1,OverallSatisfied,Cardiff,43010,1
"Very good service , already told friends impressed .",2,1,42995,1,OverallSatisfied,STAMFORD,43010,1
The helpful way delivered .,1,2,42994,1,OverallSatisfied,"cranfield,beds.",43012,1
Is,2,2,42994,1,OverallSatisfied,Huddersfield,43011,2
Really good round . I often full install disposal old machine install new machine . Delivery advertised driver calling arrived .,1,2,42994,0.8,OverallSatisfied,London,43011,1
I gave 10/10 ordering receiving order great,1,2,42994,1,OverallSatisfied,Port glasgow,43009,2
I ordered delivered I happy,1,2,42994,1,OverallSatisfied,Grays essex,43009,1
"A n't fault anything , service great .",1,2,42993,1,OverallSatisfied,Grimsby,43015,0
great service,1,2,42993,1,OverallSatisfied,washington,43013,1
"It 'refreshing ' find fruitless service , simple use great support round . Prior ordering - I went Hurry 's ( never ! ) 2 hours standing salesman , trying put order - informed n't noticed items fact stock '' could decide reasonable discount ordering multiple items ! The watched 'walk away ' Å’Â£900 sale without trying offer 'alternatives ' ... . absolutely careless ! Hello ! `` `` 'refreshing ' find fruitless service", so simple to use with some great support all round.  Prior to ordering with AO - I went to Curry's (never again!)  after 2 hours standing with a saleswoman," trying to put""",2,2,42993,1,OverallSatisfied,1
The cost item ( around Å’Â£80 cheaper similar model ) speed arrived excellent,1,2,42993,1,OverallSatisfied,Hitchin,43010,2
pleased round,2,2,42993,1,OverallSatisfied,swansea,43010,2
Good order system fast delivery . Excellent customer care,1,1,42993,1,OverallSatisfied,Barrow in Furness,43009,1
able order without haste track delivery ( phone 5 mind away ),1,2,42993,1,OverallSatisfied,edinburgh,43009,2
exactly said would .,2,2,42993,1,OverallSatisfied,woking,43008,2
l would recommend friends,2,2,42993,1,OverallSatisfied,tenbury,43008,1
Good service round,2,2,42993,1,OverallSatisfied,Shiremoor,43008,1
Top class ordering delivery impressed,1,2,42993,1,OverallSatisfied,Liverpool,43008,1
You picked boxes,2,2,42993,1,OverallSatisfied,Northampton,43008,2
Friendly installation- checked working leaving & checked I knew operate,1,1,42993,1,OverallSatisfied,Shrewsbury,43008,2
customer service good delivery excellent woman needed help even though lift tumble dwyer two steps nothing problem,1,1,42993,1,OverallSatisfied,GATESHEAD,43008,1
Extremely helpful staff went extra mile find local electricity !,1,2,42992,1,OverallSatisfied,Brighton & Hove,43051,0
Had I required delivered following day times specified courier,1,2,42992,1,OverallSatisfied,Lostock Hall Preston Lancashire,43016,0
Great service great price,1,2,42992,0.8,OverallSatisfied,Ipswich,43010,1
I thought installation fee rather high connecting two wires I replacing old oven wiring already checked !,2,2,42992,0.8,OverallSatisfied,Rotherham,43009,0
"great experience , item delivered oh -- crazy ; )",1,2,42992,1,OverallSatisfied,Croydon,43009,1
It fantastic service .,2,2,42992,1,OverallSatisfied,"Burntwood, Staffs",43008,1
After ordering frost free freeze I found exact one online Å’Â£22 cheaper quick call customer service happy refund difference . Price match promised . I happy shall definitely use future .,1,1,42992,1,OverallSatisfied,"Chard, Somerset",43008,1
Easy . Efficient . Timely . Convenient . Good value money .,1,2,42992,1,OverallSatisfied,,43008,1
I used careless sac kept wearing quickly,2,2,42992,1,OverallSatisfied,Bedford,43008,0
You said would . And well,2,2,42992,1,OverallSatisfied,Forres Moray,43008,1
"Good price , good products , excellent service",2,1,42992,1,OverallSatisfied,Bexhill,43007,1
Great service,2,1,42992,1,OverallSatisfied,Burnley,43007,1
reasons one perfect,2,2,42992,0.9,OverallSatisfied,Dorking,43007,1
Would fault service .,2,2,42992,1,OverallSatisfied,Redditch,43007,2
All went without pitch point ordering delivery .,1,2,42992,0.9,OverallSatisfied,PONTYPRIDD,43007,0
The service first class webster easy follow .,1,2,42992,1,OverallSatisfied,LEEDS,43007,1
Good price delivered time well done,1,2,42992,0.9,OverallSatisfied,leeds,43007,1
Required customer service purchase operator considerate helpful kept informed .,1,1,42991,1,OverallSatisfied,London,43042,0
"Only reason 10 - based personal taste , lessen 'sell ' extended warranties additional stuff .",2,2,42991,0.9,OverallSatisfied,Dereham,43022,2
Well traced delivery .,1,2,42991,0.9,OverallSatisfied,FERNDOWN,43009,1
Is,2,2,42991,0.7,OverallSatisfied,christchurch,43008,2
"Speedy service , competitive pricking",1,2,42991,1,OverallSatisfied,Torryburn,43008,2
's,2,2,42991,0.8,OverallSatisfied,"Worthing, West  Sussex",43008,2
always good,2,2,42991,1,OverallSatisfied,st leonards on sea,43007,1
I said could better . negative ever .,1,2,42991,1,OverallSatisfied,stoke-on-trent,43007,1
Very easy use . Would buy .,2,1,42991,1,OverallSatisfied,Somerset,43007,1
Really pleased service,2,1,42991,1,OverallSatisfied,Exeter,43007,1
Because good service price,2,2,42991,1,OverallSatisfied,Radley,43007,1
Delivered order specified date time slot agreed .,1,2,42991,1,OverallSatisfied,Surrey,43007,2
"easy select item , great descriptions items easy purchase well information try delivery hooker",1,2,42991,1,OverallSatisfied,reading,43007,1
Very satisfied everything .,1,2,42991,1,OverallSatisfied,Leeds,43007,1
You promised,2,2,42991,1,OverallSatisfied,East Kilbride,43006,2
Great service polite staff delivered time,1,2,42991,1,OverallSatisfied,Newcastle upon tyne,43006,1
Been avert onto hooker I bought good,2,2,42991,1,OverallSatisfied,,43006,0
I would n't hesitate recommend friend already done,1,2,42991,1,OverallSatisfied,Llanfachraeth,43006,0
"IÃ_Ã_Â»ve learnt costly lesson buying online , going forward I purchase physical displayed stock , I check measurement committing purchase . IÃ_Ã_Â»d recommend prospective purchasers physically check appliance measurement prior purchase .",0,1,42990,0.5,OverallUnhappy,Hereford,43024,0
pleased product,2,2,42990,1,OverallSatisfied,thatcham,43015,1
Is He previously products every time delivery people come polite efficient .,1,1,42990,1,OverallSatisfied,Ascot Berkshire,43014,2
"Excellent , good customer service , delivery expected",1,1,42990,1,OverallSatisfied,YORK,43011,1
Is,2,2,42990,1,OverallSatisfied,Meopham,43007,2
"trust hard get many companies try rip n't want know thing goes wrong ,",2,2,42990,1,OverallSatisfied,evesham,43006,0
Service good never got discount I got,2,2,42990,0.8,OverallSatisfied,Doncaster,43005,1
see,2,2,42990,1,OverallSatisfied,beare green,43005,2
"I pleased A.O.com . use . However , internet shopping everyone .",1,2,42990,0.7,OverallSatisfied,Altrincham.,43005,1
Last delivery guns delivery super efficient old unit away And new one fitted time Is first time user I impressed,1,2,42990,1,OverallSatisfied,High wycombe,43004,1
see,2,2,42989,1,OverallSatisfied,Tylorstown,43005,2
Very time I purchased always first class service..,1,1,42989,1,OverallSatisfied,"Seaford, East Sussex",43005,1
Easy use webster customer service .,2,1,42989,1,OverallSatisfied,Caernarfon,43004,0
Delivery also quick easy .,1,2,42989,1,OverallSatisfied,Shipdham,43004,2
Last low cost service,2,2,42989,0.8,OverallSatisfied,Gloucester,43004,2
"Decided Sunday morning I needed new fridge freeze , Monday evening I new american drive freeze kitchen",1,2,42989,1,OverallSatisfied,Whitchurch,43004,0
First class service start finish,1,1,42989,1,OverallSatisfied,Lyme Regis,43004,2
Must excellent service arrived almost minute said,1,2,42989,1,OverallSatisfied,Rhyl,43004,1
Excellent service,1,2,42989,1,OverallSatisfied,Wallington,43004,1
Excellent customer service .,2,1,42988,1,OverallSatisfied,Stafford,43033,1
See comments,2,2,42988,1,OverallSatisfied,Hemel Hempstead,43018,1
"Very efficient , fast & great price .",1,2,42988,1,OverallSatisfied,Clydebank,43009,1
) despite corrected 3 times representative insisted calling `` Air '' . I 'm female . Suggests `` '' 9 10 except '',2,0,42988,0.8,OverallSatisfied,Bournemouth,43004,0
Is comment,2,2,42988,1,OverallSatisfied,Cheltenham,43004,2
Excellent service,2,1,42988,1,OverallSatisfied,Eastbourne,43004,1
"Easy webster , delivery selection n't problem staff great . They even waited open item check nothing wrong left .",1,2,42988,1,OverallSatisfied,Romford,43004,0
Very pleased quickly I got cooper,1,2,42988,1,OverallSatisfied,Luton,43004,1
The supplier could deliver next day weekend .,1,2,42988,1,OverallSatisfied,London,43003,1
I faults service .,2,2,42988,1,OverallSatisfied,Ayr,43003,1
"Friendly , speedy good value money .",2,1,42988,1,OverallSatisfied,GARSTANG,43003,1
A n't fault service . Rivers called say way . Arrived said . Very polite courteous .,1,1,42987,1,OverallSatisfied,Shepshed Leicestershire,43011,0
With price match I able get fridge lower price . They reliable helpful getting fridge freeze I needed . That I always use company today . Its best ! ! !,1,1,42987,1,OverallSatisfied,LONDON,43005,1
"I found dishwasher I looking of.com 28.08.17. try purchase 05.09.17 . When I found according assistant phone . I tried another search engine found product I looking , I pressed link directed of.com . I must say delivered n time product 10 10 Thank",2,2,42987,0.7,OverallSatisfied,Lincoln,43004,0
See previous answer .,2,2,42986,1,OverallSatisfied,Inverurie,43003,1
"The score given reflection whole 'of ' buying delivery experience , excellent .",2,2,42986,0.9,OverallSatisfied,Newcastle upon Tyne,43003,1
"Quick efficient , staff helpful delivery time happy oblige",1,1,42986,1,OverallSatisfied,,43003,1
Wouldn asked better service .,2,1,42986,1,OverallSatisfied,Harwich,43003,2
Web site easy follow good range products excellent description,2,2,42986,1,OverallSatisfied,Oldham,43002,1
It clear simple order.Product description good,1,2,42986,1,OverallSatisfied,St Albans,43001,1
"Fantastic service beginning end . Communication excellent , I kept date delivery times .",1,2,42986,1,OverallSatisfied,Milton Keynes,43001,1
Prompt helpful,2,1,42986,0.9,OverallSatisfied,,43001,2
Efficient ordering delivery,1,2,42986,1,OverallSatisfied,Suffolk,43001,1
Everything sorted without haste go everything 3 4 times .,1,2,42985,1,OverallSatisfied,London,43014,0
I bother ordering delivery,1,2,42985,1,OverallSatisfied,Alexandria,43004,0
nobody gets ten,2,2,42985,0.9,OverallSatisfied,newcastle upon tyne,43003,2
Total satisfaction .,2,1,42985,1,OverallSatisfied,Stoke-On-Trent,43002,2
Is stated .,2,2,42985,0.8,OverallSatisfied,"Harrow, Middx",43002,2
The telephone agent friendly bubble price watching competitor delivery drivers arrived spot time bubble getting bulky fridge freeze kitchen,1,2,42985,1,OverallSatisfied,Newcastle upon Tyne,43002,0
To problems,2,2,42985,1,OverallSatisfied,Tynemouth,43001,2
excellent service company fitting staff,1,1,42985,1,OverallSatisfied,Frome,43000,1
Outstanding customer service . Last delivery service . Easy deal internet site.she,1,1,42985,1,OverallSatisfied,Bath,43000,1
Must I wanted,2,2,42985,1,OverallSatisfied,Somerset,43000,2
Excellent experience product thus far .,2,2,42984,0.9,OverallSatisfied,Glasgow,43004,1
"Satisfaction far . Thanks to.com Telling ! ! The delivery men filters friendly , professional time shots convenient customer .",1,1,42984,1,OverallSatisfied,Durham,43004,1
Is .,2,2,42984,1,OverallSatisfied,Newark,43003,2
There little fault transaction . communication really clear updated every move . The delivery time packing removed matter minutes . Quick cheerful . Thank,1,1,42984,0.9,OverallSatisfied,Colchester,43000,0
See,2,2,42984,0.9,OverallSatisfied,Norwich,43000,2
product wanted delivered promised,1,2,42984,0.9,OverallSatisfied,london,43000,2
Very thing good ! I problems,1,2,42984,0.8,OverallSatisfied,Wolverhampton,43000,1
Is nice easy I also got call I aware delivery would like another product ASAP .,1,1,42984,1,OverallSatisfied,DEWSBURY,43000,1
Is stated satisfiedMaureen,2,2,42984,1,OverallSatisfied,Stoke on Trent,43000,2
Never single problem everyone pleasant nice phone product exactly said .,2,1,42984,1,OverallSatisfied,Falkland,42999,0
Delivery quick nothing broken .,1,2,42984,1,OverallSatisfied,Brixham,42999,0
Deep up-to-date throughout buying delivery process,1,2,42983,1,OverallSatisfied,Slough,43071,0
Is .,2,2,42983,1,OverallSatisfied,Castleford,43002,2
Is commented .,2,2,42983,1,OverallSatisfied,Plymouth,42999,2
Took old appliance away free charge,2,2,42983,0.9,OverallSatisfied,Glasgow,42999,0
Service promised love American Bridge freeze,2,1,42983,0,OverallSatisfied,Newhaven,42999,2
Is,2,2,42983,1,OverallSatisfied,Coleford,42999,2
See,2,2,42983,1,OverallSatisfied,Chesterfield,42999,2
"I love oven , came time also I ordered wrong oven problem took away delivered one I wanted next day 's I gave 10/10",1,1,42983,1,OverallSatisfied,Lincoln,42999,2
Good service staff pleasant,2,1,42982,1,OverallSatisfied,Melksham,43000,1
Because professional business . I telling family friends used yet : ),2,2,42982,1,OverallSatisfied,,42999,1
Good round experience ordering delivering,1,2,42982,1,OverallSatisfied,Rotherham,42999,1
Is,2,2,42982,0.8,OverallSatisfied,Redditch,42999,2
I reluctant go overboard recommending someone . I merely tell experience let make mind .,2,2,42982,0.8,OverallSatisfied,"Small Dole, West Sussex.",42998,1
"Extremely easy deal , great web site easy navigable . Also competitive prices .",2,2,42982,1,OverallSatisfied,Cumbernauld.,42998,1
It good hover lovely use element cable,2,2,42982,1,OverallSatisfied,Ferryhill,42998,1
Good service,2,2,42982,1,OverallSatisfied,Carnoustie,42997,1
"A fitting easy , carried . I rescued relative managed move fit appliance problem , yet paid ''experts ' could n't gathered help . I unable cook washed dumped front cooper . Terminally I 'll , I left distressed .",2,2,42981,0.7,OverallSatisfied,Houghton-le-Spring,43008,0
"Everything described , hidden extra .",2,2,42981,1,OverallSatisfied,Smalley,42998,1
Excellent order delivery .,1,2,42981,1,OverallSatisfied,Durham,42998,1
Customer service superb,2,1,42981,0,OverallSatisfied,Swansea,42998,1
Well informed deliver efficient,1,2,42981,1,OverallSatisfied,Grantham,42997,2
"helpful , second delivery date quickly arranged .",1,2,42981,1,OverallSatisfied,Gravesend,42997,0
Website easy use . Ordering easy . Faultless communication throughout keeping date despatch delivery ( able choose delivery day ) . I used pp able see 4 delivery window also received call driver 20 minutes away . The drivers friendly item extremely well package . Not unpacked used item yet new kitchen currently befitted keeping safely package .,1,1,42981,1,OverallSatisfied,Street,42997,1
"Easy order , first class prices , excellent delivery",1,1,42981,1,OverallSatisfied,East Kilbride,42997,1
West value quick process BUT misleading say next day even day delivery . His cost free,1,2,42981,0.8,OverallSatisfied,Petersfield,42996,2
Because could n't fault service received,1,2,42981,1,OverallSatisfied,Powys,42996,0
Love new washing machine,2,2,42981,1,OverallSatisfied,Axminster,42996,2
Because customer service tried make things smoothly possible,2,1,42981,1,OverallSatisfied,Salisbury,42996,1
Service good placing order kind helpful delivery men,1,1,42981,1,OverallSatisfied,Kings Lynn,42996,1
They said would letter,2,2,42981,1,OverallSatisfied,Sutton Coldfield,42996,2
See,2,2,42980,0.8,OverallSatisfied,Children area,42997,2
Very helpful n't sell us sum thing need,2,1,42980,0.9,OverallSatisfied,Crichton,42997,1
Is brilliant service fast delivery good old appliance gone bang,1,2,42980,1,OverallSatisfied,Okehampton,42997,1
Rising product range coupled excellent customer service,2,1,42979,0.9,OverallSatisfied,Ffestiniog,43010,1
Last efficient service,2,1,42979,1,OverallSatisfied,Swadlincote,43000,1
See moment,2,2,42979,1,OverallSatisfied,Nuneaton,42997,1
service good,2,1,42979,1,OverallSatisfied,South Shields,42996,1
See,2,2,42979,0.8,OverallSatisfied,Rotherham,42996,2
See,2,2,42979,1,OverallSatisfied,Ayr,42995,2
The ordering easy delivery good kept informed time delivery,1,2,42979,1,OverallSatisfied,Romford,42994,1
Delivery time filters evident . And I rate good,1,2,42979,1,OverallSatisfied,BOURNE,42994,1
To easy order - great service .,1,2,42979,1,OverallSatisfied,Eastbourne,42994,1
Because deliver time x,1,2,42978,1,OverallSatisfied,St Helens,42998,1
"Good selection , good prices prompt easy delivery arrangements",1,2,42978,0.9,OverallSatisfied,Wolverhampton,42997,1
Is . Also easy find online .,2,2,42978,0.9,OverallSatisfied,Bedford,42996,0
Lowest prices ; delivery tractable spot time . Old cooper removed free . Delivery men pleasant efficient .,1,1,42978,1,OverallSatisfied,CAMBERLEY,42995,1
Everything went smoothly .,1,1,42978,0.9,OverallSatisfied,Slough,42994,0
Great service great product,2,1,42978,1,OverallSatisfied,MaNCHESTER,42993,1
"In engineer attended inspect appliance & new part apparently order , date I 'm still waiting new part arrive .",0,0,42978,0,OverallUnhappy,Orpington,42993,0
See .,2,2,42978,1,OverallSatisfied,London,42993,1
Delivery time ..,1,2,42978,1,OverallSatisfied,Luton,42993,2
problems,2,2,42977,0.9,OverallSatisfied,Thornton-Cleveleys,43041,2
Good service,1,1,42977,0.9,OverallSatisfied,Banff,42996,1
exactly said using old better quality new one . The also suggested I could replace plastic tap metal one next time plumber house .,2,2,42977,1,OverallSatisfied,Southampton,42993,0
From ordering ( easy ) delivery smooth fuss .,1,2,42977,1,OverallSatisfied,Blackburn,42993,2
It great - ? Your staff superb extremely help,1,1,42977,1,OverallSatisfied,Deal Kent,42992,1
The service second non,2,2,42977,1,OverallSatisfied,middlesbrough,42992,2
"A bit disappointed fire different one I expecting , n't match one box , webster picture , I think I may received older model somehow . The fire right size looks nice I kept , I wonder different ,",0,2,42977,0.8,OverallSatisfied,Hockley,42992,1
service good goods work,2,1,42977,1,OverallSatisfied,colchester,42992,1
Dishwasher quiet fantastic quick wash 1/2 hour wash well,2,2,42976,1,OverallSatisfied,Garwick,43004,1
good product fast efficient service .,1,1,42976,1,OverallSatisfied,bodenham,42997,1
nobody 's perfect ...,2,2,42976,0.9,OverallSatisfied,Gravesend,42997,1
Delivered time & good condition .,1,2,42976,0.7,OverallSatisfied,Cambridgeshire,42995,1
"Is see , I impressed service , already recommended firm friends .",2,2,42976,1,OverallSatisfied,Quarry B ank,42993,1
Brilliant round experience reliable service !,2,2,42976,1,OverallSatisfied,Bridgwater,42992,1
"Excellent , else I say , efficient delivery new freeze superb every way , dated version old one , quiet .",1,2,42976,1,OverallSatisfied,Barnsley.,42992,1
"Order went online - problem . They exactly ordered , kept promised time kept well informed .",1,2,42976,1,OverallSatisfied,"Hayes, Middx",42992,1
"For reasons previously stated - helpful , knowledgeable product , polite etc .",1,1,42976,1,OverallSatisfied,"Consett, Co. Durham",42992,0
service given,2,1,42976,0.9,OverallSatisfied,,42992,2
Good experience ordering first time .,2,1,42976,0.8,OverallSatisfied,Stowmarket,42992,1
Smooth process,1,1,42976,1,OverallSatisfied,Peterborough,42992,2
See,2,2,42976,1,OverallSatisfied,Winchester,42992,2
He satisfied I already told people good experience .,1,1,42976,1,OverallSatisfied,PINNER,42992,1
quick delivery,1,2,42976,0.8,OverallSatisfied,SHERINGHAM,42991,2
"Straight forward ordering , smashing delivery men fitted cooper quickly . They also telephone give us delivery .",1,1,42976,1,OverallSatisfied,Redruth,42991,1
Efficient well prices,2,2,42976,1,OverallSatisfied,Thames Ditton,42991,1
"Kept informed delivery , guns could n't helpful .",1,2,42976,0.7,OverallSatisfied,Waltham cross,42991,0
"You say slot time narrowing delivery time 4 hour window tested advance get idea . However , delivery schedule st delivery morning ( 8 : ) get text delivery . I originally ordered delivery Thursday change plans I could available whole day . I phone try move delivery another day I could available whole day , said could wait I got text confirming time delivery I could find whether I would available . The delivery arrived text I available . They took away I able arrange new date I could day - time I receive text morning giving slot later day , item delivered time slot . To overall service , couple things could better .",1,2,42975,1,OverallSatisfied,Romford,43010,1
Extremely satisfied dealings of.com . Have purchased level service second none . Well done .,1,2,42975,1,OverallSatisfied,Northampton,42997,0
To haste regards delivery drivers helpful - even took packing away without asked . Would highly recommend future would definitely use .,1,1,42975,0.9,OverallSatisfied,Coventry,42996,0